Workbook

Sheet SUMMARY
C1: AMOUNT | E1: ROLLING | F1: ACCOUNTS | I1: ROLLING | N1: NON SETTLE
A2: PROCESSOR | B2: UP TO | C2: PROCCESED | D2: FEES | E2: RESERVE | F2: RECEIVABLE | I2: RESERVE | L2: FROM | M2: TO | N2: TRANSACTIONS
A3: DPN | B3: 41311 | C3: =SUM(DNP!D2:D9) -> 19226.75 | D3: =SUM(DNP!E2:E9,DNP!G2:H9) -> 2263.4231 | E3: =SUM(DNP!F2:F9) -> 1922.675 | F3: =+C3-D3-E3 -> 15040.652 | G3: ** | I3: =SUM(DNP!F2:F9) -> 1922.675 | L3: 41312 | M3: 41326 | N3: 3221.28
A4: QP16 VIP | B4: 41322 | C4: =SUM('QP16 VIP'!E5:E20) -> 9380.46 | D4: =SUM('QP16 VIP'!F5:F20,'QP16 VIP'!G5:G20,'QP16 VIP'!I5:I20,'QP16 VIP'!J5:M20) -> 4143.1625 | E4: =SUM('QP16 VIP'!H5:H20) -> 938.046 | F4: =+C4-D4-E4 -> 4299.2515 | I4: =+E4 -> 938.046 | L4: 41323 | M4: 41326 | N4: 0
A5: QP18 NB | B5: 41322 | C5: =SUM('QP18 NB'!E5:E17) -> 6986.53 | D5: =SUM('QP18 NB'!F5:G17,'QP18 NB'!I5:N17) -> 6755.855 | E5: =SUM('QP18 NB'!H5:H17) -> 698.653 | F5: =+C5-D5-E5 -> -467.97805 | I5: =+E5 -> 698.653 | L5: 41323 | M5: 41326 | N5: 250
A7: TOTALS | C7: =SUM(C3:C6) -> 35593.74 | D7: =SUM(D3:D6) -> 13162.441 | E7: =SUM(E3:E5) -> 3559.374 | F7: =SUM(F3:F5) -> 18871.925 | I7: =SUM(I3:I6) -> 3559.374 | J7: This amount will be received 180 days after
A11: DNP DF | F11: QP16 VIP DF | L11: QP18 NB DF

Sheet DNP
A1: INVOICE # | B1: PROCESSOR | C1: DF | D1: PROCESSED | E1: Disc Rate 7.75% | F1: HoldBack 10% | G1: TRANSACTION FEE | H1: WIRE FEE | I1: Net Wire Amount
A2: Settlement 0 | B2: DNP | C2: PENDING | D2: =SUM([1]DNPDFDETAIL!P133:P163) -> 4850 | E2: =+D2*7.75% -> 375.875 | F2: =+D2*10% -> 485 | G2: =+(24+31)*0.95 -> 52.25 | H2: 50 | I2: =+D2-E2-F2-G2-H2 -> 3886.875
A3: Settlement 1 | B3: DNP | C3: 2710 | D3: 2710 | E3: =+D3*7.75% -> 210.025 | F3: =+D3*10% -> 271 | G3: 51.3 | H3: 50 | I3: =+D3-E3-F3-G3-H3 -> 2127.675
A4: Settlement 2 | B4: DNP | C4: 1565 | D4: 1445 | E4: =+D4*7.75% -> 111.9875 | F4: =+D4*10% -> 144.5 | G4: 45.6 | H4: 50 | I4: =+D4-E4-F4-G4-H4 -> 1092.9125
A5: Settlement 3 | B5: DNP | C5: 1235 | D5: 1305 | E5: =+D5*7.75% -> 101.1375 | F5: =+D5*10% -> 130.5 | G5: 34.2 | H5: 50 | I5: =+D5-E5-F5-G5-H5 -> 989.1625
A6: Settlement 4 | B6: DNP | C6: 1520 | D6: 1570 | E6: =+D6*7.75% -> 121.675 | F6: =+D6*10% -> 157 | G6: 41.8 | H6: 50 | I6: =+D6-E6-F6-G6-H6 -> 1199.525
A7: Settlement 5 | B7: DNP | C7: 2483 | D7: 1983 | E7: =+D7*7.75% -> 153.6825 | F7: =+D7*10% -> 198.3 | G7: 46.55 | H7: 50 | I7: =+D7-E7-F7-G7-H7 -> 1534.4675
A8: Settlement 6 | B8: DNP | C8: 2013 | D8: 2513 | E8: =+D8*7.75% -> 194.7575 | F8: =+D8*10% -> 251.3 | G8: 45.6 | H8: 50 | I8: =+D8-E8-F8-G8-H8 -> 1971.3425
A9: Settlement 7 | B9: DNP | C9: 2850.75 | D9: 2850.75 | E9: =+D9*7.75% -> 220.93312 | F9: =+D9*10% -> 285.075 | G9: 56.05 | H9: 50 | I9: =+D9-E9-F9-G9-H9 -> 2238.6919
B11: =SUM(B2:B9) -> 0 | C11: =SUM(C2:C9) -> 14376.75 | D11: =SUM(D2:D9) -> 19226.75 | E11: =SUM(E2:E9) -> 1490.0731 | F11: =SUM(F2:F9) -> 1922.675 | G11: =SUM(G2:G9) -> 373.35 | H11: =SUM(H2:H9) -> 400 | I11: =SUM(I2:I9) -> 15040.652

Sheet QP16 VIP
A1: From Nov-01-12 To Feb-21-13
A4: Ref. Payment // Invoice No. | B4: Date | C4: PROCESSOR | D4: DF | E4: PROCESSED | F4: Setup Fee | G4: Disc Rate 8.5% | H4: HoldBack 10% | I4: TRANSACTION FEE | J4: Refund | K4: Refund fees | L4: Charge Back | M4: CB fee | N4: WIRE FEE | O4: Net Wire Amount | P4: Inv. Amount (USD) | Q4: Amount In Currency | R4: Settlement Amount (USD) | S4: Amount Received (USD) | T4: Balance (USD) | U4: Date Due Reserve | V4: Rolling Reserve (USD) | W4: R. Reserve Release (USD) | X4: Reserve Balance (USD)
A5: 1661 | B5: 39756 | E5: 99.96 | F5: 3000 | G5: 8.5 | H5: =+E5*10% -> 9.996 | I5: 1 | O5: =+E5-F5-G5-H5-I5-L5-M5-J5-K5 -> -2919.536 | P5: -2919.5326 | Q5: 0 | R5: 0 | S5: 0 | T5: -2919.5326 | U5: 39936 | V5: 9.996 | W5: 0 | X5: 9.996
A6: 1662 | B6: 39763 | O6: =+E6-F6-G6-H6-I6-L6-M6-J6-K6 -> 0 | P6: 0 | Q6: 0 | R6: 0 | S6: 0 | T6: -2919.5326 | U6: 39943 | V6: 0 | W6: 0 | X6: 9.996
A7: 1663 | B7: 39770 | O7: =+E7-F7-G7-H7-I7-L7-M7-J7-K7 -> 0 | P7: 0 | Q7: 0 | R7: 0 | S7: 0 | T7: -2919.5326 | U7: 39950 | V7: 0 | W7: 0 | X7: 9.996
A8: 1664 | B8: 39777 | O8: =+E8-F8-G8-H8-I8-L8-M8-J8-K8 -> 0 | P8: 0 | Q8: 0 | R8: 0 | S8: 0 | T8: -2919.5326 | U8: 39957 | V8: 0 | W8: 0 | X8: 9.996
A9: 1665 | B9: 39784 | E9: 304.8 | G9: =+E9*8.5% -> 25.908 | H9: =+E9*10% -> 30.48 | I9: 5 | O9: =+E9-F9-G9-H9-I9-L9-M9-J9-K9 -> 243.412 | P9: 243.412 | Q9: 0 | R9: 0 | S9: 0 | T9: -2676.1206 | U9: 39964 | V9: 30.48 | W9: 0 | X9: 40.476
A10: 1666 | B10: 39791 | E10: 3999.83 | G10: =+E10*8.5% -> 339.98555 | H10: =+E10*10% -> 399.983 | I10: 4 | O10: =+E10-F10-G10-H10-I10-L10-M10-J10-K10 -> 3255.8614 | P10: 3255.8614 | Q10: 0 | R10: 0 | S10: 0 | T10: 579.7409 | U10: 39971 | V10: 399.983 | W10: 0 | X10: 440.459
A11: 1667 | B11: 39798 | J11: 40 | K11: 152.9 | O11: =+E11-F11-G11-H11-I11-L11-M11-J11-K11 -> -192.9 | P11: -192.9 | Q11: 0 | R11: 0 | S11: 0 | T11: 386.8409 | U11: 39978 | V11: 0 | W11: 0 | X11: 440.459
A12: 1668 | B12: 39805 | O12: =+E12-F12-G12-H12-I12-L12-M12-J12-K12 -> 0 | P12: 0 | Q12: 0 | R12: 0 | S12: 0 | T12: 386.8409 | U12: 39985 | V12: 0 | W12: 0 | X12: 440.459
A13: 1669 | B13: 39812 | E13: 1999.94 | G13: =+E13*8.5% -> 169.9949 | H13: =+E13*10% -> 199.994 | I13: 3 | O13: =+E13-F13-G13-H13-I13-L13-M13-J13-K13 -> 1626.9511 | P13: 1626.9511 | Q13: 0 | R13: 0 | S13: 0 | T13: 2013.792 | U13: 39992 | V13: 199.994 | W13: 0 | X13: 640.453
A14: 1688 | B14: 39819 | E14: 2099.7 | G14: =+E14*8.5% -> 178.4745 | H14: =+E14*10% -> 209.97 | I14: 6 | O14: =+E14-F14-G14-H14-I14-L14-M14-J14-K14 -> 1705.2555 | P14: 1705.2555 | Q14: 0 | R14: 0 | S14: 0 | T14: 3719.0475 | U14: 39999 | V14: 209.97 | W14: 0 | X14: 850.423
A15: 1709 | B15: 39826 | E15: 404.69 | G15: =+E15*8.5% -> 34.39865 | H15: =+E15*10% -> 40.469 | I15: 13 | O15: =+E15-F15-G15-H15-I15-L15-M15-J15-K15 -> 316.82235 | P15: 316.82235 | Q15: 0 | R15: 0 | S15: 0 | T15: 4035.8698 | U15: 40006 | V15: 40.469 | W15: 0 | X15: 890.892
A16: 1718 | B16: 39833 | E16: 49.92 | G16: =+E16*8.5% -> 4.2432 | H16: =+E16*10% -> 4.992 | I16: 1 | L16: 49.92 | M16: 60 | O16: =+E16-F16-G16-H16-I16-L16-M16-J16-K16 -> -70.2352 | P16: -70.2552 | Q16: 0 | R16: 0 | S16: 0 | T16: 3965.6146 | U16: 40013 | V16: 4.992 | W16: 0 | X16: 895.884
A17: 1736 | B17: 39840 | E17: 101.91 | G17: =+E17*8.5% -> 8.66235 | H17: =+E17*10% -> 10.191 | I17: 5 | O17: =+E17-F17-G17-H17-I17-L17-M17-J17-K17 -> 78.05665 | P17: 78.05665 | Q17: 0 | R17: 0 | S17: 0 | T17: 4043.6713 | U17: 40020 | V17: 10.191 | W17: 0 | X17: 906.075
A18: 1753 | B18: 39847 | E18: 319.71 | G18: =+E18*8.5% -> 27.17535 | H18: =+E18*10% -> 31.971 | I18: 5 | O18: =+E18-F18-G18-H18-I18-L18-M18-J18-K18 -> 255.56365 | P18: 255.56365 | Q18: 0 | R18: 0 | S18: 0 | T18: 4299.2349 | U18: 40027 | V18: 31.971 | W18: 0 | X18: 938.046
A19: 1794 | B19: 39854 | O19: =+E19-F19-G19-H19-I19-L19-M19-J19-K19 -> 0 | P19: 0 | Q19: 0 | R19: 0 | S19: 0 | T19: 4299.2349 | U19: 40034 | V19: 0 | W19: 0 | X19: 938.046
A20: 1820 | B20: 39861 | O20: =+E20-F20-G20-H20-I20-L20-M20-J20-K20 -> 0 | P20: 0 | Q20: 0 | R20: 0 | S20: 0 | T20: 4299.2349 | U20: 40041 | V20: 0 | W20: 0 | X20: 938.046
A21: Totals | O21: =SUM(O5:O20) -> 4299.2515 | P21: 4299.2349 | R21: 0 | S21: 0 | T21: 4299.2349 | V21: 938.046 | W21: 0 | X21: 938.046

Sheet QP18 NB
A1: From Nov-01-12 To Feb-21-13
A4: Ref. Payment // Invoice No. | B4: Date | C4: PROCESSOR | D4: DF | E4: PROCESSED | F4: Setup Fee | G4: Disc Rate 8.5% | H4: HoldBack 10% | I4: TRANSACTION FEE | J4: Refund | K4: Refund fees | L4: Charge Back | M4: CB fee | N4: WIRE FEE | O4: Net Wire Amount | P4: Inv. Amount (USD) | Q4: Amount In Currency | R4: Settlement Amount (USD) | S4: Amount Received (USD) | T4: Balance (USD) | U4: Date Due Reserve | V4: Rolling Reserve (USD) | W4: R. Reserve Release (USD) | X4: Reserve Balance (USD)
A5: 1670 | B5: 39777 | F5: 6000 | G5: =+E5*8.5% -> 0 | H5: =+E5*10% -> 0 | I5: 12 | O5: =+E5-F5-G5-H5-I5-L5-M5-J5-K5 -> -6012 | P5: -6012 | Q5: 0 | R5: 0 | S5: 0 | T5: -6012 | U5: 39957 | V5: 0 | W5: 0 | X5: 0
A6: 1671 | B6: 39784 | E6: 99.9 | G6: =+E6*8.5% -> 8.4915 | H6: =+E6*10% -> 9.99 | I6: 9 | O6: =+E6-F6-G6-H6-I6-L6-M6-J6-K6 -> 72.4185 | P6: 72.4185 | Q6: 0 | R6: 0 | S6: 0 | T6: -5939.5815 | U6: 39964 | V6: 9.99 | W6: 0 | X6: 9.99
A7: 1672 | B7: 39791 | E7: 354.58 | G7: =+E7*8.5% -> 30.1393 | H7: =+E7*10% -> 35.458 | I7: 8 | O7: =+E7-F7-G7-H7-I7-L7-M7-J7-K7 -> 280.9827 | P7: 280.9827 | Q7: 0 | R7: 0 | S7: 0 | T7: -5658.5988 | U7: 39971 | V7: 35.458 | W7: 0 | X7: 45.448
A8: 1673 | B8: 39798 | E8: 424.94 | G8: =+E8*8.5% -> 36.1199 | H8: =+E8*10% -> 42.494 | I8: 4 | O8: =+E8-F8-G8-H8-I8-L8-M8-J8-K8 -> 342.3261 | P8: 342.3261 | Q8: 0 | R8: 0 | S8: 0 | T8: -5316.2727 | U8: 39978 | V8: 42.494 | W8: 0 | X8: 87.942
A9: 1674 | B9: 39805 | E9: 824.29 | G9: =+E9*8.5% -> 70.06465 | H9: =+E9*10% -> 82.429 | I9: 17 | O9: =+E9-F9-G9-H9-I9-L9-M9-J9-K9 -> 654.79635 | P9: 654.79635 | Q9: 0 | R9: 0 | S9: 0 | T9: -4661.4764 | U9: 39985 | V9: 82.429 | W9: 0 | X9: 170.371
A10: 1675 | B10: 39812 | E10: 1199.15 | G10: =+E10*8.5% -> 101.92775 | H10: =+E10*10% -> 119.915 | I10: 33 | O10: =+E10-F10-G10-H10-I10-L10-M10-J10-K10 -> 944.30725 | P10: 944.30725 | Q10: 0 | R10: 0 | S10: 0 | T10: -3717.1691 | U10: 39992 | V10: 119.915 | W10: 0 | X10: 290.286
A11: 1689 | B11: 39819 | E11: 659.67 | G11: =+E11*8.5% -> 56.07195 | H11: =+E11*10% -> 65.967 | I11: 12 | O11: =+E11-F11-G11-H11-I11-L11-M11-J11-K11 -> 525.63105 | P11: 525.63105 | Q11: 0 | R11: 0 | S11: 0 | T11: -3191.5381 | U11: 39999 | V11: 65.967 | W11: 0 | X11: 356.253
A12: 1710 | B12: 39826 | E12: 374.67 | G12: =+E12*8.5% -> 31.84695 | H12: =+E12*10% -> 37.467 | I12: 15 | O12: =+E12-F12-G12-H12-I12-L12-M12-J12-K12 -> 290.35605 | P12: 290.35605 | Q12: 0 | R12: 0 | S12: 0 | T12: -2901.182 | U12: 40006 | V12: 37.467 | W12: 0 | X12: 393.72
A13: 1719 | B13: 39833 | E13: 999.43 | G13: =+E13*8.5% -> 84.95155 | H13: =+E13*10% -> 99.943 | I13: 14 | O13: =+E13-F13-G13-H13-I13-L13-M13-J13-K13 -> 800.53545 | P13: 800.53545 | Q13: 0 | R13: 0 | S13: 0 | T13: -2100.6466 | U13: 40013 | V13: 99.943 | W13: 0 | X13: 493.663
A14: 1737 | B14: 39840 | E14: 599.8 | G14: =+E14*8.5% -> 50.983 | H14: =+E14*10% -> 59.98 | I14: 13 | O14: =+E14-F14-G14-H14-I14-L14-M14-J14-K14 -> 475.837 | P14: 475.837 | Q14: 0 | R14: 0 | S14: 0 | T14: -1624.8096 | U14: 40020 | V14: 59.98 | W14: 0 | X14: 553.643
A15: 1754 | B15: 39847 | E15: 144.91 | G15: =+E15*8.5% -> 12.31735 | H15: =+E15*10% -> 14.491 | I15: 3 | O15: =+E15-F15-G15-H15-I15-L15-M15-J15-K15 -> 115.10165 | P15: 115.10165 | Q15: 0 | R15: 0 | S15: 0 | T15: -1509.7079 | U15: 40027 | V15: 14.491 | W15: 0 | X15: 568.134
A16: 1795 | B16: 39854 | E16: 699.59 | G16: =+E16*8.5% -> 59.46515 | H16: =+E16*10% -> 69.959 | I16: 11 | O16: =+E16-F16-G16-H16-I16-L16-M16-J16-K16 -> 559.16585 | P16: 559.16585 | Q16: 0 | R16: 0 | S16: 0 | T16: -950.5421 | U16: 40034 | V16: 69.959 | W16: 0 | X16: 638.093
A17: 1819 | B17: 39861 | E17: 605.6 | G17: =+E17*8.5% -> 51.476 | H17: =+E17*10% -> 60.56 | I17: 11 | O17: =+E17-F17-G17-H17-I17-L17-M17-J17-K17 -> 482.564 | P17: 482.564 | Q17: 0 | R17: 0 | S17: 0 | T17: -467.9781 | U17: 40041 | V17: 60.56 | W17: 0 | X17: 698.653
P19: =SUM(P5:P18) -> -467.97805
